PLAYER_ID,PLAYER_NAME,TEAM_ABBREVIATION,SEASON,GP,MIN,PTS,REB,AST,TS_PCT,USG_PCT,PIE,NET_RATING,WINS,LOSSES,WinPCT,DiffPointsPG,IS_MVP,STL,BLK,DEF_RATING,AST_PCT,Conference,Conf_Seed,POS,IMPACT_SCORE,IS_ALL_STAR
1630595,Cade Cunningham,DET,2025-26,64,2171.6716666666666,1531,355,634,0.564,0.296,0.159,11.4,60.0,22.0,0.732,8.0,0,92,54,109.0,0.43,East,1.0,G,86.1475,1
1630552,Jalen Johnson,ATL,2025-26,72,2531.5983333333334,1621,740,566,0.581,0.264,0.161,3.2,46.0,36.0,0.561,2.0,0,89,31,112.3,0.325,East,5.0,G,80.36888888888889,1
1628378,Donovan Mitchell,CLE,2025-26,70,2342.063333333333,1952,316,398,0.613,0.311,0.152,7.2,52.0,30.0,0.634,4.0,0,104,20,112.1,0.266,East,4.0,G,77.85142857142857,1
201935,James Harden,CLE,2025-26,70,2438.495,1652,336,557,0.61,0.279,0.143,1.8,52.0,30.0,0.634,4.0,0,79,28,117.0,0.347,East,4.0,G,75.0657142857143,1
1630178,Tyrese Maxey,PHI,2025-26,70,2661.1183333333333,1980,290,461,0.588,0.286,0.15,1.5,45.0,37.0,0.549,0.0,0,130,55,113.4,0.288,East,7.0,G,74.98071428571428,1
1628973,Jalen Brunson,NYK,2025-26,74,2589.806666666667,1927,247,503,0.58,0.296,0.135,6.1,53.0,29.0,0.646,6.0,0,57,8,114.1,0.307,East,3.0,G,74.6468918918919,1
203999,Nikola Jokić,DEN,2025-26,65,2264.855,1799,836,697,0.67,0.289,0.213,10.8,54.0,28.0,0.659,5.0,0,92,53,115.3,0.458,West,3.0,G,102.96538461538462,1
1628983,Shai Gilgeous-Alexander,OKC,2025-26,68,2258.9466666666667,2117,292,448,0.665,0.323,0.207,16.3,64.0,18.0,0.78,11.0,1,95,52,105.2,0.332,West,1.0,G,94.34264705882354,1
1629029,Luka Dončić,LAL,2025-26,64,2288.6016666666665,2143,495,530,0.616,0.368,0.188,3.8,53.0,29.0,0.646,2.0,0,105,34,115.6,0.387,West,4.0,G,94.31750000000001,1
1627750,Jamal Murray,DEN,2025-26,75,2651.891666666667,1905,330,535,0.622,0.269,0.142,6.8,54.0,28.0,0.659,5.0,0,66,29,117.7,0.298,West,3.0,G,77.05,1
1630578,Alperen Sengun,HOU,2025-26,72,2397.695,1466,640,445,0.569,0.259,0.142,3.4,52.0,30.0,0.634,5.0,0,85,77,113.7,0.282,West,5.0,G,74.36861111111111,1
1630162,Anthony Edwards,MIN,2025-26,61,2136.593333333333,1757,302,226,0.617,0.309,0.145,3.5,49.0,33.0,0.598,3.0,0,83,49,114.3,0.174,West,6.0,G,73.6166393442623,1
1630595,Cade Cunningham,DET,2024-25,70,2451.9466666666667,1830,425,638,0.565,0.323,0.152,2.8,44.0,38.0,0.537,2.0,0,71,53,112.2,0.409,East,6.0,G,79.11,1
1628378,Donovan Mitchell,CLE,2024-25,71,2232.0333333333333,1701,322,354,0.575,0.298,0.137,10.5,64.0,18.0,0.78,10.0,0,95,17,109.1,0.238,East,1.0,G,76.60387323943662,1
1628973,Jalen Brunson,NYK,2024-25,65,2300.708333333333,1690,187,475,0.605,0.289,0.138,2.6,51.0,31.0,0.622,4.0,0,60,8,115.7,0.318,East,3.0,G,73.52384615384616,1
203081,Damian Lillard,MIL,2024-25,58,2092.87,1447,272,410,0.621,0.269,0.144,0.7,48.0,34.0,0.585,2.0,0,70,10,114.6,0.299,East,5.0,G,73.30431034482758,1
1629027,Trae Young,ATL,2024-25,76,2739.06,1841,236,880,0.567,0.285,0.129,0.6,40.0,42.0,0.488,-1.0,0,91,12,114.6,0.452,East,8.0,G,73.00842105263158,1
1629636,Darius Garland,CLE,2024-25,75,2300.77,1544,214,506,0.6,0.265,0.126,9.9,64.0,18.0,0.78,10.0,0,91,11,113.4,0.309,East,1.0,G,72.60566666666666,1
203999,Nikola Jokić,DEN,2024-25,70,2570.765,2071,892,716,0.663,0.285,0.206,10.5,50.0,32.0,0.61,4.0,0,127,45,115.1,0.398,West,3.0,G,101.745,1
1628983,Shai Gilgeous-Alexander,OKC,2024-25,76,2597.63,2484,379,486,0.637,0.336,0.199,16.7,68.0,14.0,0.829,13.0,1,131,77,105.7,0.299,West,1.0,G,97.20552631578947,1
1629029,Luka Dončić,LAL,2024-25,50,1768.55,1408,409,383,0.587,0.328,0.17,9.1,50.0,32.0,0.61,1.0,0,89,21,110.5,0.342,West,3.0,G,87.041,1
201935,James Harden,LAC,2024-25,79,2789.036666666667,1802,456,687,0.582,0.286,0.145,6.2,50.0,32.0,0.61,5.0,0,118,55,109.2,0.365,West,3.0,G,77.13101265822785,1
1627734,Domantas Sabonis,SAC,2024-25,70,2428.8766666666666,1337,972,423,0.655,0.213,0.164,2.6,40.0,42.0,0.488,0.0,0,48,26,113.9,0.251,West,9.0,G,76.51714285714287,1
1629630,Ja Morant,MEM,2024-25,50,1519.11,1159,205,364,0.563,0.312,0.141,6.8,48.0,34.0,0.585,5.0,0,61,12,109.6,0.355,West,7.0,G,72.37,1
1628973,Jalen Brunson,NYK,2023-24,77,2726.3033333333333,2212,278,519,0.592,0.311,0.156,8.6,50.0,32.0,0.61,5.0,0,70,13,112.6,0.315,East,2.0,G,79.22012987012988,1
1628378,Donovan Mitchell,CLE,2023-24,55,1942.65,1463,280,333,0.595,0.301,0.15,7.3,48.0,34.0,0.585,2.0,0,101,30,108.6,0.268,East,4.0,G,76.1659090909091,1
1630169,Tyrese Haliburton,IND,2023-24,69,2223.5383333333334,1389,271,752,0.605,0.239,0.157,6.2,47.0,35.0,0.573,3.0,0,83,48,116.2,0.444,East,5.0,G,75.63130434782609,1
203081,Damian Lillard,MIL,2023-24,73,2578.4283333333333,1775,320,508,0.59,0.274,0.132,6.9,49.0,33.0,0.598,3.0,0,72,18,112.4,0.284,East,3.0,G,72.87869863013698,1
1630178,Tyrese Maxey,PHI,2023-24,70,2625.806666666667,1816,258,433,0.573,0.273,0.129,5.2,47.0,35.0,0.573,3.0,0,69,33,113.2,0.257,East,5.0,G,71.0342857142857,1
1629027,Trae Young,ATL,2023-24,54,1941.713333333333,1389,149,583,0.585,0.289,0.131,-2.5,36.0,46.0,0.439,-2.0,0,72,11,119.1,0.435,East,10.0,G,70.87277777777777,1
203999,Nikola Jokić,DEN,2023-24,79,2736.5333333333333,2085,976,708,0.65,0.288,0.211,11.8,57.0,25.0,0.695,5.0,1,108,68,110.6,0.391,West,1.0,G,99.56075949367089,1
1629029,Luka Dončić,DAL,2023-24,70,2624.04,2370,647,686,0.617,0.355,0.2,5.8,50.0,32.0,0.61,2.0,0,99,38,113.8,0.428,West,5.0,G,99.39857142857143,1
1628983,Shai Gilgeous-Alexander,OKC,2023-24,75,2552.6866666666665,2254,415,465,0.636,0.317,0.187,11.3,57.0,25.0,0.695,7.0,0,150,67,109.7,0.287,West,1.0,G,88.36833333333334,1
1627734,Domantas Sabonis,SAC,2023-24,82,2928.0216666666665,1593,1120,673,0.637,0.22,0.169,0.8,46.0,36.0,0.561,2.0,0,74,48,115.2,0.334,West,9.0,G,82.05804878048781,1
1626164,Devin Booker,PHX,2023-24,68,2446.6566666666668,1841,308,472,0.611,0.289,0.142,5.8,49.0,33.0,0.598,3.0,0,61,28,113.5,0.299,West,6.0,G,76.51058823529412,1
202681,Kyrie Irving,DAL,2023-24,58,2029.608333333333,1487,290,299,0.608,0.274,0.144,6.9,50.0,32.0,0.61,2.0,0,74,28,112.6,0.225,West,5.0,G,73.79568965517241,1
201935,James Harden,PHI,2022-23,58,2135.005,1216,354,618,0.607,0.247,0.159,6.1,54.0,28.0,0.659,4.0,0,71,31,113.3,0.439,East,3.0,G,81.46741379310346,1
1628378,Donovan Mitchell,CLE,2022-23,68,2432.38,1922,289,301,0.614,0.31,0.149,5.9,51.0,31.0,0.622,5.0,0,99,27,110.4,0.205,East,4.0,G,75.03941176470587,1
1629027,Trae Young,ATL,2022-23,73,2540.74,1914,217,741,0.573,0.313,0.143,1.3,41.0,41.0,0.5,0.0,0,80,9,114.6,0.414,East,8.0,G,74.6373287671233,1
201950,Jrue Holiday,MIL,2022-23,67,2182.54,1290,341,495,0.586,0.244,0.135,9.2,58.0,24.0,0.707,4.0,0,79,25,107.9,0.321,East,1.0,G,73.45328358208954,1
1627783,Pascal Siakam,TOR,2022-23,71,2652.036666666667,1720,556,415,0.565,0.27,0.135,2.4,41.0,41.0,0.5,1.0,0,65,36,113.3,0.244,East,8.0,G,71.49014084507041,1
1629636,Darius Garland,CLE,2022-23,69,2447.15,1490,185,538,0.587,0.262,0.13,8.0,51.0,31.0,0.622,5.0,0,85,9,108.8,0.328,East,4.0,G,70.16724637681159,1
203999,Nikola Jokić,DEN,2022-23,69,2323.0066666666667,1690,817,678,0.701,0.263,0.211,12.5,53.0,29.0,0.646,3.0,0,87,47,111.6,0.412,West,1.0,G,97.04557971014492,1
1629630,Ja Morant,MEM,2022-23,61,1948.348333333333,1596,357,493,0.557,0.338,0.175,7.3,51.0,31.0,0.622,4.0,0,66,16,108.5,0.412,West,2.0,G,83.29483606557378,1
201939,Stephen Curry,GSW,2022-23,56,1941.1516666666664,1648,341,352,0.656,0.297,0.166,5.8,44.0,38.0,0.537,2.0,0,52,20,112.4,0.274,West,5.0,G,80.32428571428572,1
1627734,Domantas Sabonis,SAC,2022-23,79,2735.555,1510,973,573,0.668,0.213,0.161,3.9,48.0,34.0,0.585,3.0,0,65,39,116.8,0.297,West,3.0,G,79.39841772151897,1
1628983,Shai Gilgeous-Alexander,OKC,2022-23,68,2415.985,2135,329,371,0.626,0.318,0.175,2.7,40.0,42.0,0.488,1.0,0,112,65,113.3,0.249,West,10.0,G,78.20176470588235,1
1626164,Devin Booker,PHX,2022-23,53,1835.4133333333327,1471,240,293,0.601,0.311,0.147,6.2,45.0,37.0,0.549,2.0,0,51,18,113.4,0.251,West,4.0,G,74.2011320754717,1
201935,James Harden,PHI,2021-22,65,2419.68,1432,500,667,0.583,0.266,0.153,3.5,51.0,31.0,0.622,3.0,0,82,36,111.4,0.401,East,2.0,G,81.48884615384614,1
1629027,Trae Young,ATL,2021-22,76,2651.891666666667,2155,284,737,0.603,0.333,0.161,2.3,43.0,39.0,0.524,2.0,0,72,7,114.9,0.442,East,9.0,G,79.78052631578949,1
1629636,Darius Garland,CLE,2021-22,68,2429.9533333333334,1473,224,583,0.576,0.272,0.134,6.6,44.0,38.0,0.537,2.0,0,89,7,106.9,0.378,East,7.0,G,69.635,1
1630163,LaMelo Ball,CHA,2021-22,75,2422.0666666666666,1508,501,571,0.554,0.271,0.132,1.5,43.0,39.0,0.524,0.0,0,119,30,112.5,0.341,East,9.0,G,68.83766666666666,1
201950,Jrue Holiday,MIL,2021-22,67,2207.44,1225,301,457,0.593,0.231,0.126,8.5,51.0,31.0,0.622,3.0,0,108,29,109.7,0.297,East,2.0,G,67.29097014925372,1
203114,Khris Middleton,MIL,2021-22,66,2141.29,1325,356,358,0.577,0.255,0.122,5.4,51.0,31.0,0.622,3.0,0,76,18,109.6,0.246,East,2.0,G,66.89484848484847,1
203999,Nikola Jokić,DEN,2021-22,74,2475.5916666666667,2004,1019,584,0.661,0.309,0.23,8.4,48.0,34.0,0.585,2.0,1,109,63,108.9,0.388,West,6.0,G,98.09324324324324,1
1629029,Luka Dončić,DAL,2021-22,65,2300.718333333333,1847,593,568,0.571,0.368,0.191,3.5,52.0,30.0,0.634,3.0,0,75,36,110.3,0.458,West,4.0,G,91.46576923076924,1
1629630,Ja Morant,MEM,2021-22,57,1888.7866666666664,1564,325,384,0.575,0.33,0.163,4.1,56.0,26.0,0.683,6.0,0,66,22,111.2,0.33,West,2.0,G,82.20096491228071,1
201939,Stephen Curry,GSW,2021-22,64,2211.085,1630,335,404,0.601,0.293,0.155,10.7,53.0,29.0,0.646,6.0,0,85,23,103.4,0.286,West,3.0,G,78.77374999999999,1
101108,Chris Paul,PHX,2021-22,65,2138.958333333333,958,283,702,0.581,0.197,0.15,10.0,64.0,18.0,0.78,8.0,0,121,20,105.5,0.434,West,1.0,G,77.06307692307692,1
1627749,Dejounte Murray,SAS,2021-22,68,2365.931666666667,1438,563,627,0.533,0.268,0.163,1.9,34.0,48.0,0.415,0.0,0,138,23,111.0,0.388,West,10.0,G,74.13823529411765,1
201566,Russell Westbrook,WAS,2020-21,65,2368.846666666667,1445,750,763,0.509,0.295,0.164,-1.2,34.0,38.0,0.472,-2.0,0,89,23,110.4,0.477,East,8.0,G,83.94461538461539,1
203944,Julius Randle,NYK,2020-21,71,2666.7366666666667,1712,724,427,0.567,0.285,0.158,3.0,41.0,31.0,0.569,2.0,0,64,18,106.8,0.269,East,4.0,G,78.99042253521128,1
202681,Kyrie Irving,BKN,2020-21,54,1886.2016666666664,1451,257,324,0.614,0.297,0.149,5.6,48.0,24.0,0.667,5.0,0,76,37,113.8,0.269,East,2.0,G,77.89148148148148,1
1629027,Trae Young,ATL,2020-21,63,2124.6066666666666,1594,245,594,0.589,0.32,0.15,5.2,41.0,31.0,0.569,2.0,0,53,12,113.0,0.426,East,4.0,G,77.4811111111111,1
202710,Jimmy Butler III,MIA,2020-21,52,1744.615,1116,359,369,0.607,0.259,0.184,5.2,40.0,32.0,0.556,0.0,0,108,18,106.9,0.345,East,6.0,G,76.7703846153846,1
1627734,Domantas Sabonis,IND,2020-21,62,2231.4466666666667,1260,742,415,0.601,0.239,0.154,-1.9,34.0,38.0,0.472,0.0,0,76,33,111.5,0.283,East,8.0,G,73.8091935483871,1
203999,Nikola Jokić,DEN,2020-21,72,2487.7816666666668,1898,780,599,0.647,0.293,0.201,7.7,47.0,25.0,0.653,5.0,1,95,48,112.6,0.377,West,3.0,G,93.45527777777777,1
1629029,Luka Dončić,DAL,2020-21,66,2262.3966666666665,1830,527,567,0.587,0.35,0.179,3.9,42.0,30.0,0.583,2.0,0,64,36,112.7,0.425,West,5.0,G,86.56045454545453,1
201939,Stephen Curry,GSW,2020-21,63,2151.518333333333,2015,345,363,0.655,0.331,0.181,4.6,39.0,33.0,0.542,1.0,0,77,8,109.6,0.283,West,8.0,G,82.7084126984127,1
203081,Damian Lillard,POR,2020-21,67,2397.7966666666666,1928,283,505,0.623,0.306,0.158,4.0,42.0,30.0,0.583,2.0,0,62,17,115.6,0.334,West,5.0,G,79.44074626865671,1
1628378,Donovan Mitchell,UTA,2020-21,53,1771.4366666666667,1401,235,277,0.569,0.327,0.138,7.9,52.0,20.0,0.722,9.0,0,52,15,109.2,0.266,West,1.0,G,77.02933962264152,1
101108,Chris Paul,PHX,2020-21,70,2199.5333333333333,1149,312,622,0.599,0.221,0.15,6.5,51.0,21.0,0.708,6.0,0,99,19,108.8,0.405,West,2.0,G,72.95642857142857,1
200768,Kyle Lowry,TOR,2019-20,58,2098.3216666666667,1126,292,433,0.59,0.225,0.125,6.0,53.0,19.0,0.736,6.0,0,82,26,104.0,0.309,East,2.0,G,72.73344827586207,1
202710,Jimmy Butler III,MIA,2019-20,58,1959.1033333333328,1157,386,350,0.585,0.246,0.159,5.2,44.0,29.0,0.603,3.0,0,103,32,108.0,0.283,East,5.0,G,72.27620689655173,1
1627732,Ben Simmons,PHI,2019-20,57,2016.8633333333328,937,444,455,0.602,0.206,0.142,1.7,43.0,30.0,0.589,2.0,0,119,33,107.3,0.335,East,6.0,G,70.05464912280702,1
203078,Bradley Beal,WAS,2019-20,57,2053.096666666667,1741,242,347,0.579,0.338,0.143,-4.5,25.0,47.0,0.347,-5.0,0,71,23,117.6,0.285,East,10.0,G,68.35517543859649,1
202689,Kemba Walker,BOS,2019-20,56,1742.405,1145,217,268,0.575,0.268,0.13,7.1,48.0,24.0,0.667,6.0,0,48,28,108.1,0.232,East,3.0,G,67.06,1
202339,Eric Bledsoe,MIL,2019-20,61,1646.2833333333333,911,282,328,0.571,0.233,0.125,11.8,56.0,17.0,0.767,10.0,0,57,26,100.8,0.275,East,1.0,G,67.00754098360657,1
201935,James Harden,HOU,2019-20,68,2482.55,2335,446,512,0.626,0.356,0.19,5.8,44.0,28.0,0.611,3.0,0,125,60,108.2,0.366,West,4.0,G,92.28294117647057,1
1629029,Luka Dončić,DAL,2019-20,61,2047.245,1759,573,538,0.585,0.355,0.194,5.3,43.0,32.0,0.573,5.0,0,62,14,111.4,0.454,West,7.0,G,91.25270491803279,1
201566,Russell Westbrook,HOU,2019-20,57,2049.168333333333,1553,451,401,0.536,0.33,0.145,3.1,44.0,28.0,0.611,3.0,0,93,20,107.1,0.34,West,4.0,G,80.89798245614035,1
203999,Nikola Jokić,DEN,2019-20,73,2335.405,1456,711,512,0.605,0.266,0.179,4.5,46.0,27.0,0.63,2.0,0,85,44,108.9,0.35,West,3.0,G,80.07842465753424,1
203081,Damian Lillard,POR,2019-20,66,2473.655,1978,284,530,0.627,0.294,0.168,1.4,35.0,39.0,0.473,-1.0,0,70,22,114.3,0.335,West,8.0,G,78.51878787878788,1
1626164,Devin Booker,PHX,2019-20,70,2511.66,1863,297,456,0.618,0.294,0.138,2.7,34.0,39.0,0.466,0.0,0,49,18,112.2,0.288,West,9.0,G,69.93214285714286,1
202681,Kyrie Irving,BOS,2018-19,67,2213.846666666667,1596,335,464,0.592,0.286,0.157,6.2,49.0,33.0,0.598,4.0,0,103,34,107.1,0.33,East,4.0,G,75.39895522388059,1
1627732,Ben Simmons,PHI,2018-19,79,2700.2633333333333,1337,697,610,0.582,0.215,0.145,2.4,51.0,31.0,0.622,3.0,0,112,61,108.9,0.341,East,3.0,G,72.85367088607595,1
200768,Kyle Lowry,TOR,2018-19,65,2213.293333333333,926,312,564,0.562,0.191,0.115,10.7,58.0,24.0,0.707,6.0,0,91,31,105.5,0.329,East,2.0,G,68.40653846153846,1
202689,Kemba Walker,CHA,2018-19,82,2862.605,2102,361,484,0.558,0.308,0.14,0.4,39.0,43.0,0.476,-1.0,0,102,34,111.8,0.287,East,9.0,G,68.15073170731706,1
202339,Eric Bledsoe,MIL,2018-19,78,2271.705,1241,362,430,0.577,0.225,0.125,11.1,60.0,22.0,0.732,9.0,0,116,29,104.2,0.26,East,1.0,G,66.98371794871795,1
1626156,D'Angelo Russell,BKN,2018-19,81,2447.955,1712,315,563,0.533,0.311,0.141,0.2,42.0,40.0,0.512,0.0,0,100,20,107.9,0.392,East,6.0,G,65.73839506172838,1
201935,James Harden,HOU,2018-19,78,2866.725,2818,518,586,0.616,0.396,0.201,6.3,53.0,29.0,0.646,5.0,0,158,58,110.3,0.394,West,3.0,G,96.42166666666667,1
201566,Russell Westbrook,OKC,2018-19,73,2629.4333333333334,1675,807,784,0.501,0.301,0.164,5.0,49.0,33.0,0.598,3.0,0,142,33,107.4,0.44,West,6.0,G,87.91054794520548,1
203999,Nikola Jokić,DEN,2018-19,80,2503.5866666666666,1604,865,580,0.589,0.271,0.188,5.8,54.0,28.0,0.659,4.0,0,108,55,107.5,0.361,West,2.0,G,83.92,1
201939,Stephen Curry,GSW,2018-19,69,2331.1666666666665,1881,369,361,0.641,0.292,0.152,13.7,57.0,25.0,0.695,6.0,0,92,25,105.8,0.225,West,1.0,G,81.00108695652173,1
203081,Damian Lillard,POR,2018-19,80,2837.7566666666667,2067,371,551,0.588,0.281,0.155,8.2,53.0,29.0,0.646,4.0,0,88,34,107.9,0.299,West,3.0,G,78.66375,1
201942,DeMar DeRozan,SAS,2018-19,77,2688.1566666666668,1635,462,475,0.542,0.277,0.135,0.0,48.0,34.0,0.585,2.0,0,86,36,110.9,0.277,West,7.0,G,68.73701298701297,1
202681,Kyrie Irving,BOS,2017-18,60,1931.425,1466,227,306,0.61,0.298,0.165,5.6,55.0,27.0,0.671,4.0,0,65,17,104.3,0.282,East,2.0,G,74.65333333333334,1
1627732,Ben Simmons,PHI,2017-18,81,2731.5533333333333,1279,659,661,0.557,0.219,0.154,6.6,52.0,30.0,0.634,5.0,0,140,70,102.9,0.362,East,3.0,G,73.86382716049383,1
201942,DeMar DeRozan,TOR,2017-18,80,2711.721666666667,1840,315,417,0.555,0.286,0.135,7.7,59.0,23.0,0.72,8.0,0,85,22,106.5,0.245,East,1.0,G,72.56875,1
200768,Kyle Lowry,TOR,2017-18,78,2509.6066666666666,1267,434,537,0.598,0.211,0.136,7.6,59.0,23.0,0.72,8.0,0,85,19,105.5,0.307,East,1.0,G,70.3474358974359,1
201933,Blake Griffin,DET,2017-18,58,1969.8216666666667,1242,428,334,0.544,0.285,0.144,1.9,39.0,43.0,0.476,0.0,0,40,18,107.0,0.286,East,9.0,G,68.06189655172413,1
203078,Bradley Beal,WAS,2017-18,82,2976.701666666667,1857,363,373,0.564,0.268,0.125,2.4,43.0,39.0,0.524,1.0,0,96,36,106.3,0.206,East,8.0,G,63.60170731707317,1
201935,James Harden,HOU,2017-18,72,2550.785,2191,389,630,0.619,0.353,0.194,10.0,65.0,17.0,0.793,8.0,1,126,50,106.2,0.449,West,1.0,G,95.72888888888889,1
201566,Russell Westbrook,OKC,2017-18,80,2913.6566666666668,2028,804,820,0.524,0.326,0.186,6.6,48.0,34.0,0.585,3.0,0,147,20,105.6,0.464,West,4.0,G,90.58500000000001,1
201939,Stephen Curry,GSW,2017-18,51,1630.7966666666666,1346,261,310,0.675,0.29,0.165,13.0,58.0,24.0,0.707,6.0,0,80,8,107.7,0.272,West,2.0,G,82.61098039215685,1
101108,Chris Paul,HOU,2017-18,58,1846.5566666666664,1081,313,457,0.604,0.241,0.166,13.2,65.0,17.0,0.793,8.0,0,96,14,103.3,0.389,West,1.0,G,80.62275862068965,1
203081,Damian Lillard,POR,2017-18,73,2669.89,1962,325,481,0.594,0.295,0.165,6.1,49.0,33.0,0.598,3.0,0,77,27,104.5,0.301,West,3.0,G,78.0677397260274,1
203999,Nikola Jokić,DEN,2017-18,75,2442.505,1385,803,458,0.603,0.238,0.169,6.2,46.0,36.0,0.561,1.0,0,90,61,107.8,0.286,West,9.0,G,75.75466666666667,1
202322,John Wall,WAS,2016-17,78,2835.483333333333,1805,326,831,0.541,0.299,0.153,4.2,49.0,33.0,0.598,2.0,0,157,49,108.8,0.45,East,4.0,G,78.42717948717949,1
202738,Isaiah Thomas,BOS,2016-17,76,2569.451666666667,2199,204,448,0.625,0.332,0.161,4.6,53.0,29.0,0.646,3.0,0,70,13,110.5,0.305,East,1.0,G,77.62736842105264,1
200768,Kyle Lowry,TOR,2016-17,60,2244.025,1344,286,417,0.623,0.243,0.147,7.7,51.0,31.0,0.622,4.0,0,88,19,106.4,0.293,East,2.0,G,73.83,1
202681,Kyrie Irving,CLE,2016-17,72,2524.63,1816,230,418,0.58,0.295,0.135,6.4,51.0,31.0,0.622,3.0,0,83,24,110.3,0.278,East,2.0,G,71.52388888888888,1
203078,Bradley Beal,WAS,2016-17,77,2684.0133333333333,1779,240,267,0.604,0.258,0.119,5.6,49.0,33.0,0.598,2.0,0,83,21,107.9,0.154,East,4.0,G,63.28545454545454,1
201609,Goran Dragic,MIA,2016-17,73,2459.438333333333,1483,279,423,0.575,0.262,0.13,1.1,41.0,41.0,0.5,1.0,0,89,13,107.3,0.283,East,8.0,G,61.86815068493151,1
201566,Russell Westbrook,OKC,2016-17,81,2801.748333333333,2558,864,840,0.554,0.402,0.23,4.5,47.0,35.0,0.573,1.0,1,132,31,106.1,0.543,West,6.0,G,101.2508024691358,1
201935,James Harden,HOU,2016-17,81,2946.72,2356,659,907,0.613,0.333,0.19,6.7,55.0,27.0,0.671,6.0,0,121,38,108.9,0.505,West,3.0,G,96.45067901234567,1
201939,Stephen Curry,GSW,2016-17,79,2638.555,1999,353,524,0.624,0.286,0.151,17.4,67.0,15.0,0.817,12.0,0,142,17,102.7,0.287,West,1.0,G,84.57518987341771,1
101108,Chris Paul,LAC,2016-17,61,1920.8233333333333,1104,304,563,0.614,0.239,0.182,14.4,51.0,31.0,0.622,4.0,0,119,8,102.8,0.444,West,4.0,G,78.38295081967212,1
203081,Damian Lillard,POR,2016-17,75,2693.075,2024,368,440,0.586,0.304,0.159,1.4,41.0,41.0,0.5,-1.0,0,68,20,110.4,0.277,West,8.0,G,72.92466666666667,1
203110,Draymond Green,GSW,2016-17,76,2470.8866666666668,776,599,533,0.522,0.159,0.117,15.3,67.0,15.0,0.817,12.0,0,154,106,100.9,0.272,West,1.0,G,70.22315789473684,1
200768,Kyle Lowry,TOR,2015-16,77,2851.155,1634,365,494,0.578,0.256,0.145,6.4,56.0,26.0,0.683,5.0,0,158,34,104.4,0.293,East,2.0,G,73.12246753246752,1
202322,John Wall,WAS,2015-16,77,2784.015,1531,379,789,0.51,0.28,0.144,1.7,41.0,41.0,0.5,-1.0,0,145,59,104.1,0.449,East,10.0,G,70.98474025974026,1
201942,DeMar DeRozan,TOR,2015-16,78,2803.795,1830,349,315,0.55,0.291,0.139,2.8,56.0,26.0,0.683,5.0,0,81,21,106.0,0.208,East,2.0,G,69.97846153846153,1
202738,Isaiah Thomas,BOS,2015-16,82,2644.403333333333,1823,243,509,0.562,0.289,0.142,5.0,48.0,34.0,0.585,3.0,0,91,9,103.2,0.312,East,3.0,G,68.09878048780487,1
202689,Kemba Walker,CHA,2015-16,81,2885.15,1689,357,421,0.554,0.261,0.135,3.8,48.0,34.0,0.585,3.0,0,126,39,103.6,0.253,East,3.0,G,65.93703703703703,1
202681,Kyrie Irving,CLE,2015-16,53,1667.3733333333332,1041,157,250,0.54,0.285,0.122,5.8,57.0,25.0,0.695,6.0,0,56,18,105.8,0.253,East,1.0,G,64.77169811320755,1
201939,Stephen Curry,GSW,2015-16,79,2699.975,2375,430,527,0.669,0.314,0.197,17.7,73.0,9.0,0.89,11.0,1,169,15,99.8,0.315,West,1.0,G,97.4262658227848,1
201566,Russell Westbrook,OKC,2015-16,80,2749.468333333333,1878,626,834,0.554,0.311,0.188,11.3,55.0,27.0,0.671,7.0,0,163,20,103.5,0.468,West,3.0,G,90.25750000000001,1
201935,James Harden,HOU,2015-16,82,3124.635,2376,501,612,0.598,0.319,0.174,1.6,41.0,41.0,0.5,0.0,0,139,51,106.9,0.354,West,8.0,G,80.30243902439025,1
101108,Chris Paul,LAC,2015-16,74,2420.238333333333,1446,310,738,0.575,0.265,0.184,11.0,53.0,29.0,0.646,4.0,0,152,13,101.3,0.493,West,4.0,G,80.05702702702703,1
203081,Damian Lillard,POR,2015-16,75,2675.7616666666668,1879,302,512,0.56,0.304,0.143,1.6,44.0,38.0,0.537,1.0,0,65,28,107.8,0.33,West,5.0,G,70.93533333333335,1
2225,Tony Parker,SAS,2015-16,72,1980.4416666666664,857,176,379,0.546,0.211,0.112,10.7,67.0,15.0,0.817,11.0,0,54,11,97.1,0.294,West,2.0,G,61.11694444444444,1
202322,John Wall,WAS,2014-15,79,2836.5333333333333,1387,366,792,0.523,0.253,0.151,4.8,46.0,36.0,0.561,1.0,0,138,45,99.6,0.446,East,5.0,G,71.28443037974684,1
202681,Kyrie Irving,CLE,2014-15,75,2729.863333333333,1628,237,389,0.583,0.255,0.128,7.7,53.0,29.0,0.646,4.0,0,114,20,104.8,0.236,East,2.0,G,67.38366666666666,1
201952,Jeff Teague,ATL,2014-15,73,2227.8616666666667,1162,184,513,0.566,0.247,0.133,8.3,60.0,22.0,0.732,5.0,0,125,31,101.1,0.367,East,1.0,G,66.81856164383562,1
200768,Kyle Lowry,TOR,2014-15,70,2414.4,1244,328,473,0.527,0.246,0.126,4.1,49.0,33.0,0.598,3.0,0,109,13,105.4,0.312,East,4.0,G,65.095,1
201942,DeMar DeRozan,TOR,2014-15,60,2100.2716666666665,1204,277,210,0.51,0.282,0.115,2.7,49.0,33.0,0.598,3.0,0,73,11,105.6,0.174,East,4.0,G,60.971666666666664,1
2548,Dwyane Wade,MIA,2014-15,62,1970.8766666666668,1331,219,299,0.534,0.338,0.141,-2.1,37.0,45.0,0.451,-3.0,0,73,21,107.1,0.3,East,10.0,G,60.045322580645156,1
201939,Stephen Curry,GSW,2014-15,80,2613.2,1900,341,619,0.638,0.277,0.178,16.3,67.0,15.0,0.817,10.0,1,163,16,98.5,0.358,West,1.0,G,86.85625,1
201566,Russell Westbrook,OKC,2014-15,67,2301.8233333333333,1886,488,574,0.536,0.368,0.187,4.7,45.0,37.0,0.549,2.0,0,140,14,106.3,0.43,West,8.0,G,86.08529850746268,1
201935,James Harden,HOU,2014-15,81,2980.865,2217,459,565,0.605,0.308,0.184,5.7,56.0,26.0,0.683,3.0,0,154,60,103.5,0.34,West,2.0,G,84.94833333333332,1
101108,Chris Paul,LAC,2014-15,82,2857.2433333333333,1564,376,838,0.596,0.232,0.173,12.7,56.0,26.0,0.683,7.0,0,156,15,104.0,0.441,West,2.0,G,80.86987804878048,1
203081,Damian Lillard,POR,2014-15,82,2924.565,1720,378,507,0.56,0.262,0.137,5.3,51.0,31.0,0.622,4.0,0,97,21,103.6,0.285,West,6.0,G,69.46670731707317,1
201936,Tyreke Evans,NOP,2014-15,79,2689.8166666666666,1313,416,521,0.508,0.255,0.118,3.2,45.0,37.0,0.549,1.0,0,100,37,106.0,0.316,West,8.0,G,61.90164556962026,1
202322,John Wall,WAS,2013-14,82,2979.865,1583,333,721,0.524,0.267,0.135,3.5,44.0,38.0,0.537,1.0,0,149,40,102.5,0.392,East,5.0,G,67.8520731707317,1
200768,Kyle Lowry,TOR,2013-14,79,2861.951666666667,1417,369,586,0.567,0.222,0.138,4.5,48.0,34.0,0.585,3.0,0,121,15,104.3,0.336,East,3.0,G,67.14335443037974,1
2548,Dwyane Wade,MIA,2013-14,54,1774.6533333333334,1028,241,252,0.588,0.272,0.144,4.3,54.0,28.0,0.659,5.0,0,79,29,103.0,0.249,East,2.0,G,66.6375925925926,1
201942,DeMar DeRozan,TOR,2013-14,79,3016.6266666666666,1791,343,313,0.532,0.278,0.128,3.1,48.0,34.0,0.585,3.0,0,86,28,104.6,0.189,East,3.0,G,64.9490506329114,1
202689,Kemba Walker,CHA,2013-14,73,2613.965,1289,306,447,0.499,0.255,0.123,2.6,43.0,39.0,0.524,0.0,0,86,32,100.9,0.291,East,7.0,G,60.54260273972603,1
202681,Kyrie Irving,CLE,2013-14,71,2495.67,1478,259,433,0.533,0.274,0.13,-4.9,33.0,49.0,0.402,-3.0,0,108,23,108.6,0.311,East,10.0,G,58.177253521126765,1
101108,Chris Paul,LAC,2013-14,62,2170.983333333333,1185,268,663,0.58,0.23,0.179,11.3,57.0,25.0,0.695,7.0,0,154,4,101.9,0.459,West,3.0,G,81.91532258064517,1
201939,Stephen Curry,GSW,2013-14,78,2845.858333333333,1873,334,666,0.61,0.275,0.164,9.6,51.0,31.0,0.622,5.0,0,128,14,101.0,0.372,West,6.0,G,79.41897435897437,1
201566,Russell Westbrook,OKC,2013-14,46,1411.7033333333334,1002,263,319,0.545,0.33,0.161,7.5,59.0,23.0,0.72,6.0,0,88,7,104.6,0.38,West,2.0,G,78.62065217391304,1
201935,James Harden,HOU,2013-14,73,2777.46,1851,344,446,0.618,0.27,0.156,7.2,54.0,28.0,0.659,5.0,0,115,29,104.9,0.266,West,4.0,G,77.34534246575342,1
203081,Damian Lillard,POR,2013-14,82,2936.615,1695,288,457,0.568,0.244,0.117,6.0,54.0,28.0,0.659,4.0,0,64,22,105.5,0.249,West,4.0,G,66.21512195121952,1
201609,Goran Dragic,PHX,2013-14,76,2667.9933333333333,1542,245,447,0.604,0.241,0.134,5.6,48.0,34.0,0.585,3.0,0,104,22,105.5,0.274,West,9.0,G,65.33026315789473,1
2548,Dwyane Wade,MIA,2012-13,69,2390.5516666666667,1463,344,352,0.571,0.288,0.153,12.3,66.0,16.0,0.805,8.0,0,128,56,100.9,0.248,East,1.0,G,77.36268115942029,1
101114,Deron Williams,BKN,2012-13,78,2842.16,1476,232,604,0.574,0.238,0.134,3.1,49.0,33.0,0.598,2.0,0,75,30,105.5,0.364,East,4.0,G,66.22269230769231,1
201588,George Hill,IND,2012-13,76,2619.616666666667,1076,284,355,0.558,0.184,0.123,8.5,49.0,32.0,0.605,4.0,0,81,26,97.9,0.22,East,3.0,G,58.223684210526315,1
201950,Jrue Holiday,PHI,2012-13,78,2925.575,1383,329,625,0.496,0.261,0.115,-2.4,34.0,48.0,0.415,-3.0,0,123,32,103.1,0.358,East,9.0,G,58.16153846153846,1
101145,Monta Ellis,MIL,2012-13,82,3076.403333333333,1577,316,496,0.493,0.258,0.11,-0.9,38.0,44.0,0.463,-2.0,0,169,36,104.3,0.262,East,8.0,G,57.594268292682926,1
101109,Raymond Felton,NYK,2012-13,68,2312.8083333333334,948,194,372,0.505,0.217,0.097,5.9,54.0,28.0,0.659,4.0,0,94,14,106.3,0.26,East,2.0,G,56.51558823529412,1
201566,Russell Westbrook,OKC,2012-13,82,2860.98,1903,428,607,0.532,0.322,0.155,11.2,60.0,22.0,0.732,9.0,0,145,24,101.2,0.372,West,1.0,G,80.83439024390243,1
101108,Chris Paul,LAC,2012-13,70,2334.8866666666668,1186,262,678,0.594,0.223,0.178,9.7,56.0,26.0,0.683,6.0,0,169,10,104.5,0.443,West,4.0,G,76.67785714285715,1
977,Kobe Bryant,LAL,2012-13,78,3012.613333333333,2133,433,469,0.57,0.313,0.156,1.9,45.0,37.0,0.549,1.0,0,106,25,106.6,0.286,West,7.0,G,75.57192307692307,1
2225,Tony Parker,SAS,2012-13,66,2173.89,1341,198,499,0.588,0.276,0.161,10.2,58.0,24.0,0.707,6.0,0,54,6,98.6,0.396,West,2.0,G,75.1190909090909,1
201935,James Harden,HOU,2012-13,78,2984.518333333333,2023,379,455,0.6,0.285,0.149,2.9,45.0,37.0,0.549,3.0,0,142,38,105.9,0.257,West,7.0,G,72.61166666666665,1
201939,Stephen Curry,GSW,2012-13,78,2982.555,1786,314,539,0.589,0.257,0.138,2.3,47.0,35.0,0.573,1.0,0,126,12,104.7,0.298,West,6.0,G,69.65858974358974,1
2548,Dwyane Wade,MIA,2011-12,49,1625.1366666666668,1082,237,225,0.559,0.305,0.166,10.4,46.0,20.0,0.697,6.0,0,82,63,97.8,0.251,East,2.0,G,74.8834693877551,1
200765,Rajon Rondo,BOS,2011-12,53,1957.3366666666664,630,257,620,0.483,0.201,0.138,4.8,39.0,27.0,0.591,3.0,0,95,3,97.9,0.498,East,5.0,G,67.98283018867924,1
2207,Joe Johnson,ATL,2011-12,60,2126.5383333333334,1129,221,232,0.557,0.247,0.122,5.5,40.0,26.0,0.606,3.0,0,48,13,100.8,0.189,East,4.0,G,60.79166666666667,1
101145,Monta Ellis,MIL,2011-12,58,2120.423333333333,1181,200,346,0.509,0.278,0.112,-0.7,31.0,35.0,0.47,0.0,0,85,18,106.1,0.277,East,9.0,G,58.57327586206897,1
201943,Brandon Jennings,MIL,2011-12,66,2331.3,1260,226,365,0.514,0.253,0.118,-2.0,31.0,35.0,0.47,0.0,0,104,22,106.3,0.264,East,9.0,G,56.89545454545454,1
101150,Lou Williams,PHI,2011-12,64,1681.725,956,155,221,0.525,0.265,0.129,6.5,35.0,31.0,0.53,4.0,0,53,18,96.8,0.221,East,8.0,G,53.4484375,1
101108,Chris Paul,LAC,2011-12,60,2180.48,1189,213,543,0.581,0.237,0.186,7.4,40.0,26.0,0.606,3.0,0,152,4,104.1,0.413,West,5.0,G,76.28166666666667,1
201566,Russell Westbrook,OKC,2011-12,66,2331.265,1558,301,362,0.538,0.318,0.145,7.6,47.0,19.0,0.712,6.0,0,112,21,101.5,0.284,West,2.0,G,75.0660606060606,1
977,Kobe Bryant,LAL,2011-12,58,2232.175,1616,313,264,0.527,0.346,0.143,2.7,41.0,25.0,0.621,1.0,0,69,18,102.1,0.237,West,3.0,G,74.77051724137931,1
2225,Tony Parker,SAS,2011-12,60,1923.1466666666668,1095,171,463,0.539,0.275,0.153,10.7,50.0,16.0,0.758,7.0,0,57,5,98.4,0.404,West,1.0,G,73.96,1
201935,James Harden,OKC,2011-12,62,1946.0533333333333,1044,252,229,0.66,0.213,0.139,9.8,47.0,19.0,0.712,6.0,0,62,15,103.5,0.19,West,2.0,G,64.96645161290323,1
959,Steve Nash,PHX,2011-12,62,1961.1,772,186,664,0.625,0.19,0.148,4.3,33.0,33.0,0.5,0.0,0,38,8,103.8,0.491,West,10.0,G,62.991129032258065,1
201565,Derrick Rose,CHI,2010-11,81,3025.8366666666666,2026,330,623,0.55,0.314,0.165,8.5,62.0,20.0,0.756,7.0,1,85,51,100.7,0.372,East,1.0,G,82.74327160493826,1
2548,Dwyane Wade,MIA,2010-11,76,2823.2116666666666,1941,485,346,0.581,0.308,0.164,10.4,58.0,24.0,0.707,7.0,0,111,87,102.4,0.223,East,2.0,G,80.23631578947368,1
200765,Rajon Rondo,BOS,2010-11,68,2526.7816666666668,721,297,760,0.495,0.179,0.131,8.9,56.0,26.0,0.683,5.0,0,153,11,99.8,0.448,East,3.0,G,68.42382352941176,1
2738,Andre Iguodala,PHI,2010-11,67,2468.688333333333,945,387,422,0.53,0.191,0.126,3.4,41.0,41.0,0.5,2.0,0,101,38,101.9,0.261,East,7.0,G,58.93358208955224,1
2207,Joe Johnson,ATL,2010-11,72,2554.405,1312,291,338,0.517,0.261,0.112,1.6,44.0,38.0,0.537,-1.0,0,47,7,105.5,0.23,East,5.0,G,57.823888888888895,1
2749,Jameer Nelson,ORL,2010-11,76,2318.8233333333333,997,226,456,0.548,0.217,0.111,7.0,52.0,30.0,0.634,5.0,0,75,3,102.5,0.324,East,4.0,G,57.55684210526316,1
977,Kobe Bryant,LAL,2010-11,82,2778.6633333333334,2078,419,388,0.548,0.343,0.156,7.3,57.0,25.0,0.695,6.0,0,99,12,104.2,0.258,West,2.0,G,76.84573170731707,1
201566,Russell Westbrook,OKC,2010-11,82,2847.38,1793,379,670,0.538,0.311,0.154,2.1,55.0,27.0,0.671,4.0,0,155,30,106.8,0.422,West,4.0,G,75.72329268292684,1
2225,Tony Parker,SAS,2010-11,78,2527.6583333333333,1368,238,513,0.569,0.251,0.139,6.4,61.0,21.0,0.744,6.0,0,90,3,102.5,0.345,West,1.0,G,68.88538461538461,1
1938,Manu Ginobili,SAS,2010-11,80,2425.49,1393,295,393,0.581,0.248,0.138,11.0,61.0,21.0,0.744,6.0,0,123,28,100.7,0.249,West,1.0,G,68.07625,1
959,Steve Nash,PHX,2010-11,75,2496.778333333333,1106,260,855,0.601,0.205,0.152,4.8,40.0,42.0,0.488,-1.0,0,48,4,107.9,0.498,West,9.0,G,67.04666666666667,1
101109,Raymond Felton,DEN,2010-11,75,2737.295,1164,269,625,0.524,0.21,0.115,2.2,50.0,32.0,0.61,5.0,0,125,11,107.3,0.347,West,5.0,G,62.67399999999999,1
2548,Dwyane Wade,MIA,2009-10,77,2792.435,2045,373,501,0.562,0.337,0.178,6.3,47.0,35.0,0.573,2.0,0,142,82,103.8,0.334,East,5.0,G,78.69616883116883,1
2207,Joe Johnson,ATL,2009-10,76,2885.775,1619,353,369,0.538,0.264,0.126,6.2,53.0,29.0,0.646,5.0,0,82,5,106.6,0.216,East,3.0,G,67.68921052631579,1
200765,Rajon Rondo,BOS,2009-10,81,2963.06,1110,360,794,0.54,0.198,0.143,4.7,50.0,32.0,0.61,4.0,0,189,11,102.4,0.425,East,4.0,G,67.51574074074074,1
201565,Derrick Rose,CHI,2009-10,78,2870.95,1619,293,469,0.532,0.268,0.137,-0.4,41.0,41.0,0.5,-2.0,0,57,27,103.6,0.297,East,8.0,G,62.88333333333333,1
2590,Mo Williams,CLE,2009-10,69,2358.958333333333,1092,206,368,0.58,0.214,0.109,4.8,61.0,21.0,0.744,7.0,0,70,21,104.2,0.247,East,1.0,G,61.82869565217391,1
2749,Jameer Nelson,ORL,2009-10,65,1860.0516666666667,818,194,353,0.54,0.222,0.118,8.7,59.0,23.0,0.72,7.0,0,48,2,100.9,0.323,East,2.0,G,59.88730769230769,1
977,Kobe Bryant,LAL,2009-10,73,2835.383333333333,1970,391,365,0.545,0.319,0.147,8.1,57.0,25.0,0.695,5.0,0,113,20,101.8,0.23,West,1.0,G,78.48869863013698,1
101114,Deron Williams,UTA,2009-10,76,2801.5,1419,303,798,0.574,0.237,0.146,8.2,53.0,29.0,0.646,5.0,0,96,16,104.3,0.429,West,4.0,G,75.23526315789472,1
959,Steve Nash,PHX,2009-10,81,2659.99,1333,268,892,0.615,0.223,0.155,6.7,54.0,28.0,0.659,5.0,0,42,12,109.4,0.483,West,3.0,G,73.89067901234567,1
200750,Brandon Roy,POR,2009-10,65,2418.5416666666665,1398,285,305,0.568,0.263,0.143,5.2,50.0,32.0,0.61,3.0,0,61,16,106.5,0.228,West,6.0,G,67.70769230769231,1
1497,Chauncey Billups,DEN,2009-10,73,2489.596666666667,1427,228,409,0.601,0.239,0.138,4.5,53.0,29.0,0.646,4.0,0,82,9,107.1,0.27,West,4.0,G,66.005,1
201566,Russell Westbrook,OKC,2009-10,82,2812.583333333333,1322,401,652,0.491,0.25,0.12,4.3,50.0,32.0,0.61,3.0,0,108,34,104.6,0.367,West,6.0,G,65.29207317073171,1
2548,Dwyane Wade,MIA,2008-09,79,3048.0416666666665,2386,398,589,0.574,0.352,0.195,3.6,43.0,39.0,0.524,0.0,0,173,106,105.4,0.377,East,5.0,G,83.55164556962026,1
200765,Rajon Rondo,BOS,2008-09,80,2642.19,953,416,659,0.543,0.189,0.142,9.9,62.0,20.0,0.756,8.0,0,149,11,101.1,0.377,East,2.0,G,69.86374999999998,1
2590,Mo Williams,CLE,2008-09,81,2834.095,1443,279,329,0.588,0.229,0.118,10.8,66.0,16.0,0.805,9.0,0,69,9,100.3,0.199,East,1.0,G,66.69074074074074,1
2207,Joe Johnson,ATL,2008-09,79,3124.383333333333,1688,346,455,0.534,0.262,0.123,2.5,47.0,35.0,0.573,2.0,0,84,19,107.0,0.256,East,4.0,G,65.3770253164557,1
1889,Andre Miller,PHI,2008-09,82,2976.225,1337,368,534,0.548,0.215,0.131,1.6,41.0,41.0,0.5,0.0,0,109,14,104.8,0.298,East,6.0,G,59.958536585365856,1
2753,Delonte West,CLE,2008-09,64,2151.64,751,203,226,0.559,0.166,0.098,14.8,66.0,16.0,0.805,9.0,0,94,13,97.9,0.162,East,1.0,G,58.487500000000004,1
977,Kobe Bryant,LAL,2008-09,82,2960.0333333333333,2201,429,399,0.561,0.317,0.159,10.9,65.0,17.0,0.793,8.0,0,120,37,103.4,0.232,West,1.0,G,82.83329268292684,1
200750,Brandon Roy,POR,2008-09,78,2903.315,1765,370,400,0.573,0.272,0.159,9.0,54.0,28.0,0.659,5.0,0,88,22,105.5,0.243,West,2.0,G,73.93282051282051,1
2225,Tony Parker,SAS,2008-09,72,2455.705,1581,223,496,0.556,0.313,0.154,6.6,54.0,28.0,0.659,4.0,0,67,4,104.1,0.371,West,2.0,G,72.82833333333335,1
101114,Deron Williams,UTA,2008-09,68,2505.18,1322,195,725,0.573,0.244,0.149,3.7,48.0,34.0,0.585,3.0,0,73,20,108.4,0.457,West,7.0,G,72.24999999999999,1
959,Steve Nash,PHX,2008-09,74,2483.983333333333,1160,223,717,0.615,0.207,0.137,4.2,46.0,36.0,0.561,2.0,0,55,10,110.7,0.403,West,8.0,G,65.40567567567568,1
1497,Chauncey Billups,DEN,2008-09,79,2788.465,1400,239,506,0.592,0.216,0.132,5.3,54.0,28.0,0.659,3.0,0,93,18,106.3,0.287,West,2.0,G,65.25449367088608,1
1497,Chauncey Billups,DET,2007-08,78,2522.2116666666666,1324,212,529,0.619,0.227,0.159,10.8,59.0,23.0,0.72,7.0,0,101,17,101.4,0.341,East,2.0,G,70.60897435897436,1
1888,Richard Hamilton,DET,2007-08,72,2424.238333333333,1244,235,299,0.552,0.242,0.117,8.2,59.0,23.0,0.72,7.0,0,73,10,102.3,0.215,East,2.0,G,62.77361111111111,1
200765,Rajon Rondo,BOS,2007-08,77,2305.7233333333334,814,322,393,0.515,0.186,0.113,13.7,66.0,16.0,0.805,10.0,0,129,13,97.1,0.263,East,1.0,G,62.12045454545454,1
2207,Joe Johnson,ATL,2007-08,82,3342.793333333333,1779,367,474,0.535,0.253,0.121,-0.5,37.0,45.0,0.451,-2.0,0,84,18,106.7,0.251,East,8.0,G,61.24158536585366,1
1889,Andre Miller,PHI,2007-08,82,3015.8766666666666,1398,324,565,0.537,0.226,0.13,-1.1,40.0,42.0,0.488,0.0,0,105,6,106.0,0.318,East,7.0,G,59.49060975609756,1
101181,Jose Calderon,TOR,2007-08,82,2483.515,922,236,678,0.607,0.164,0.143,3.9,41.0,41.0,0.5,3.0,0,87,6,106.4,0.42,East,6.0,G,57.375,1
977,Kobe Bryant,LAL,2007-08,82,3192.276666666666,2323,517,441,0.576,0.309,0.159,8.9,57.0,25.0,0.695,7.0,1,151,40,103.9,0.236,West,1.0,G,82.9371951219512,1
959,Steve Nash,PHX,2007-08,81,2779.865,1371,282,898,0.641,0.213,0.15,9.4,55.0,27.0,0.671,5.0,0,53,5,106.9,0.447,West,3.0,G,75.21333333333334,1
101114,Deron Williams,UTA,2007-08,82,3058.931666666667,1545,243,862,0.595,0.229,0.146,7.2,54.0,28.0,0.659,7.0,0,90,23,106.0,0.427,West,5.0,G,74.33585365853658,1
947,Allen Iverson,DEN,2007-08,82,3423.806666666667,2164,243,586,0.567,0.263,0.136,5.1,50.0,32.0,0.61,4.0,0,160,12,104.7,0.271,West,7.0,G,73.84085365853659,1
1503,Tracy McGrady,HOU,2007-08,66,2439.9933333333333,1427,339,387,0.487,0.3,0.138,5.5,55.0,27.0,0.671,5.0,0,68,30,100.4,0.294,West,3.0,G,71.88530303030304,1
1938,Manu Ginobili,SAS,2007-08,74,2299.0816666666665,1442,354,332,0.612,0.274,0.169,8.6,56.0,26.0,0.683,5.0,0,109,33,98.2,0.257,West,2.0,G,71.49675675675677,1
2548,Dwyane Wade,MIA,2006-07,51,1930.621666666667,1397,239,384,0.583,0.333,0.195,2.0,44.0,38.0,0.537,-1.0,0,107,62,104.1,0.378,East,5.0,G,80.41980392156863,1
2240,Gilbert Arenas,WAS,2006-07,74,2941.701666666667,2105,338,443,0.565,0.302,0.142,2.9,41.0,41.0,0.5,-1.0,0,139,13,108.5,0.257,East,6.0,G,72.83175675675675,1
1497,Chauncey Billups,DET,2006-07,70,2533.468333333333,1191,237,502,0.591,0.212,0.146,7.5,53.0,29.0,0.646,4.0,0,84,17,103.0,0.321,East,1.0,G,67.68928571428572,1
2732,Ben Gordon,CHI,2006-07,82,2703.7883333333334,1753,258,296,0.572,0.286,0.127,6.6,49.0,33.0,0.598,5.0,0,64,17,98.9,0.194,East,3.0,G,62.85829268292682,1
1888,Richard Hamilton,DET,2006-07,75,2763.405,1485,282,285,0.551,0.255,0.115,7.1,53.0,29.0,0.646,4.0,0,59,15,101.7,0.184,East,1.0,G,62.666999999999994,1
2550,Kirk Hinrich,CHI,2006-07,80,2838.998333333333,1327,274,500,0.559,0.213,0.124,6.0,49.0,33.0,0.598,5.0,0,100,23,98.7,0.291,East,3.0,G,61.912499999999994,1
959,Steve Nash,PHX,2006-07,76,2682.435,1412,269,884,0.654,0.223,0.165,11.3,61.0,21.0,0.744,7.0,0,57,6,105.4,0.468,West,2.0,G,81.91868421052631,1
977,Kobe Bryant,LAL,2006-07,77,3139.675,2430,439,413,0.58,0.328,0.172,1.3,42.0,40.0,0.512,0.0,0,111,36,106.9,0.249,West,7.0,G,79.33045454545454,1
1503,Tracy McGrady,HOU,2006-07,71,2538.9533333333334,1747,378,458,0.515,0.34,0.161,7.7,52.0,30.0,0.634,5.0,0,92,36,99.3,0.353,West,4.0,G,77.71542253521126,1
947,Allen Iverson,DEN,2006-07,65,2761.2716666666665,1709,193,468,0.54,0.288,0.133,-0.2,45.0,37.0,0.549,2.0,0,123,13,104.9,0.302,West,6.0,G,70.37538461538462,1
2225,Tony Parker,SAS,2006-07,77,2498.9066666666668,1429,250,420,0.572,0.272,0.155,10.6,58.0,24.0,0.707,8.0,0,82,6,98.3,0.307,West,3.0,G,69.99636363636364,1
1938,Manu Ginobili,SAS,2006-07,75,2060.4216666666666,1240,327,263,0.609,0.259,0.171,14.0,58.0,24.0,0.707,8.0,0,109,27,95.1,0.223,West,3.0,G,68.83533333333334,1
2548,Dwyane Wade,MIA,2005-06,75,2892.383333333333,2040,430,503,0.577,0.318,0.186,8.4,52.0,30.0,0.634,4.0,0,146,58,102.1,0.312,East,2.0,G,83.86,1
947,Allen Iverson,PHI,2005-06,72,3103.188333333333,2377,232,532,0.543,0.35,0.163,0.1,38.0,44.0,0.463,-2.0,0,140,10,106.5,0.331,East,8.0,G,78.17888888888889,1
1497,Chauncey Billups,DET,2005-06,81,2924.556666666667,1495,252,699,0.602,0.225,0.162,10.8,64.0,18.0,0.78,7.0,0,71,8,100.5,0.392,East,1.0,G,77.43456790123457,1
2240,Gilbert Arenas,WAS,2005-06,80,3384.255,2346,280,484,0.581,0.297,0.147,2.9,42.0,40.0,0.512,2.0,0,161,25,106.3,0.261,East,4.0,G,73.38499999999999,1
1888,Richard Hamilton,DET,2005-06,80,2824.785,1609,256,275,0.553,0.272,0.115,9.6,64.0,18.0,0.78,7.0,0,52,16,100.2,0.183,East,1.0,G,66.40875000000001,1
2550,Kirk Hinrich,CHI,2005-06,81,2954.6866666666665,1284,288,514,0.528,0.212,0.115,0.0,41.0,41.0,0.5,1.0,0,94,21,103.4,0.289,East,5.0,G,56.13703703703703,1
977,Kobe Bryant,LAL,2005-06,80,3277.1,2832,425,360,0.559,0.378,0.181,4.7,45.0,37.0,0.549,3.0,0,147,30,105.0,0.228,West,6.0,G,84.27,1
959,Steve Nash,PHX,2005-06,79,2795.8866666666668,1489,333,826,0.632,0.227,0.166,8.2,54.0,28.0,0.659,6.0,1,61,12,104.1,0.435,West,3.0,G,78.00987341772152,1
2225,Tony Parker,SAS,2005-06,80,2714.69,1510,261,460,0.584,0.266,0.154,10.1,63.0,19.0,0.768,7.0,0,83,4,97.5,0.311,West,1.0,G,72.38,1
1938,Manu Ginobili,SAS,2005-06,65,1812.965,981,230,235,0.593,0.238,0.148,11.4,63.0,19.0,0.768,7.0,0,101,26,96.5,0.215,West,1.0,G,65.45153846153845,1
1885,Lamar Odom,LAL,2005-06,80,3220.7883333333334,1186,738,443,0.558,0.179,0.13,3.8,45.0,37.0,0.549,3.0,0,75,64,103.2,0.22,West,6.0,G,64.62125,1
2564,Boris Diaw,PHX,2005-06,81,2873.92,1080,558,503,0.564,0.177,0.116,8.7,54.0,28.0,0.659,6.0,0,58,85,102.3,0.245,West,3.0,G,64.45981481481482,1
947,Allen Iverson,PHI,2004-05,75,3176.088333333333,2302,299,596,0.532,0.344,0.161,0.2,43.0,39.0,0.524,-1.0,0,180,9,103.2,0.361,East,7.0,G,79.26733333333333,1
2548,Dwyane Wade,MIA,2004-05,77,2977.568333333333,1854,397,520,0.561,0.302,0.153,6.5,59.0,23.0,0.72,7.0,0,121,82,103.2,0.303,East,1.0,G,78.91980519480519,1
2240,Gilbert Arenas,WAS,2004-05,80,3278.891666666667,2038,378,411,0.565,0.265,0.138,1.0,45.0,37.0,0.549,0.0,0,139,23,105.7,0.224,East,4.0,G,69.37125,1
1883,Steve Francis,ORL,2004-05,78,2974.8566666666666,1663,450,547,0.521,0.28,0.128,-0.7,36.0,46.0,0.439,-2.0,0,112,28,105.1,0.315,East,9.0,G,64.55782051282051,1
1497,Chauncey Billups,DET,2004-05,80,2873.86,1316,271,464,0.609,0.203,0.138,6.4,54.0,28.0,0.659,4.0,0,81,9,98.3,0.277,East,2.0,G,64.38499999999999,1
950,Stephon Marbury,NYK,2004-05,82,3294.5116666666668,1781,248,668,0.575,0.243,0.144,-0.7,33.0,49.0,0.402,-2.0,0,122,6,107.5,0.344,East,10.0,G,63.853292682926835,1
1503,Tracy McGrady,HOU,2004-05,78,3191.008333333333,2003,484,448,0.526,0.304,0.161,4.6,51.0,31.0,0.622,4.0,0,135,52,101.0,0.276,West,4.0,G,77.65102564102565,1
959,Steve Nash,PHX,2004-05,75,2568.613333333333,1165,249,861,0.606,0.201,0.145,12.9,62.0,20.0,0.756,7.0,1,74,6,105.7,0.46,West,1.0,G,77.14233333333333,1
977,Kobe Bryant,LAL,2004-05,66,2689.536666666667,1819,392,398,0.563,0.312,0.148,-2.1,34.0,48.0,0.415,-3.0,0,86,53,109.7,0.287,West,10.0,G,70.45833333333333,1
1938,Manu Ginobili,SAS,2004-05,74,2201.0016666666666,1186,329,288,0.609,0.235,0.159,16.5,59.0,23.0,0.72,8.0,0,119,27,93.0,0.217,West,2.0,G,68.825,1
2225,Tony Parker,SAS,2004-05,80,2735.79,1331,298,490,0.528,0.247,0.138,9.3,59.0,23.0,0.72,8.0,0,98,4,96.6,0.323,West,2.0,G,68.02,1
1710,Mike Bibby,SAC,2004-05,80,3090.7116666666666,1571,332,541,0.543,0.234,0.12,3.0,50.0,32.0,0.61,2.0,0,124,30,106.0,0.277,West,5.0,G,65.81125,1
947,Allen Iverson,PHI,2003-04,48,2046.8416666666667,1266,178,324,0.478,0.339,0.127,-2.5,33.0,49.0,0.402,-2.0,0,115,5,100.6,0.325,East,8.0,G,65.08500000000001,1
1497,Chauncey Billups,DET,2003-04,78,2772.2966666666666,1318,276,446,0.55,0.229,0.137,7.3,54.0,28.0,0.659,6.0,0,84,8,93.8,0.289,East,2.0,G,65.01551282051282,1
950,Stephon Marbury,NYK,2003-04,81,3254.543333333333,1639,263,719,0.519,0.251,0.137,-1.8,39.0,43.0,0.476,-1.0,0,129,9,103.8,0.385,East,5.0,G,64.97567901234568,1
1888,Richard Hamilton,DET,2003-04,78,2784.8483333333334,1375,279,310,0.522,0.248,0.114,7.0,54.0,28.0,0.659,6.0,0,103,17,94.4,0.212,East,2.0,G,60.80205128205128,1
1713,Vince Carter,TOR,2003-04,73,2786.52,1645,349,348,0.501,0.315,0.131,-0.1,33.0,49.0,0.402,-3.0,0,88,65,98.5,0.262,East,8.0,G,60.55691780821918,1
2224,Jamaal Tinsley,IND,2003-04,52,1376.065,432,136,303,0.541,0.17,0.113,12.6,61.0,21.0,0.744,6.0,0,84,17,92.8,0.356,East,1.0,G,56.956538461538464,1
977,Kobe Bryant,LAL,2003-04,65,2447.4416666666666,1557,359,330,0.551,0.281,0.156,6.1,56.0,26.0,0.683,4.0,0,112,28,100.0,0.237,West,3.0,G,75.81192307692308,1
208,Sam Cassell,MIN,2003-04,81,2847.9966666666664,1603,271,592,0.566,0.264,0.151,9.8,58.0,24.0,0.707,5.0,0,102,18,97.3,0.354,West,1.0,G,73.52790123456789,1
959,Steve Nash,DAL,2003-04,78,2615.365,1128,232,687,0.59,0.188,0.126,4.5,52.0,30.0,0.634,4.0,0,67,8,106.9,0.37,West,5.0,G,63.987307692307695,1
1710,Mike Bibby,SAC,2003-04,82,2982.3783333333336,1506,277,444,0.564,0.227,0.115,5.9,55.0,27.0,0.671,5.0,0,112,18,103.9,0.241,West,4.0,G,63.646463414634155,1
56,Gary Payton,LAL,2003-04,82,2836.045,1199,342,449,0.528,0.2,0.121,5.4,56.0,26.0,0.683,4.0,0,96,19,99.9,0.259,West,3.0,G,61.78024390243903,1
2225,Tony Parker,SAS,2003-04,75,2578.985,1099,237,411,0.516,0.222,0.115,8.3,57.0,25.0,0.695,7.0,0,61,7,94.1,0.278,West,2.0,G,61.090333333333334,1
947,Allen Iverson,PHI,2002-03,82,3484.07,2262,344,454,0.5,0.324,0.137,2.7,48.0,34.0,0.585,2.0,0,225,13,100.6,0.248,East,2.0,G,72.84939024390243,1
56,Gary Payton,MIL,2002-03,80,3209.615,1634,334,663,0.504,0.256,0.14,-0.7,42.0,40.0,0.512,0.0,0,133,20,105.1,0.366,East,5.0,G,67.05125,1
208,Sam Cassell,MIL,2002-03,78,2698.5516666666667,1536,342,450,0.565,0.258,0.141,-2.2,42.0,40.0,0.512,0.0,0,88,14,108.5,0.293,East,5.0,G,62.517692307692315,1
1497,Chauncey Billups,DET,2002-03,74,2330.205,1199,273,287,0.582,0.237,0.148,4.2,50.0,32.0,0.61,4.0,0,63,15,98.9,0.238,East,1.0,G,60.597297297297295,1
711,Jerry Stackhouse,WAS,2002-03,70,2747.6833333333334,1508,258,316,0.528,0.272,0.122,-0.7,37.0,45.0,0.451,-1.0,0,65,28,101.9,0.216,East,7.0,G,58.29214285714286,1
1891,Jason Terry,ATL,2002-03,81,3083.8483333333334,1395,279,600,0.549,0.22,0.127,-2.6,35.0,47.0,0.427,-4.0,0,126,14,103.2,0.338,East,9.0,G,57.32666666666667,1
977,Kobe Bryant,LAL,2002-03,82,3403.8566666666666,2461,564,481,0.55,0.323,0.18,3.6,50.0,32.0,0.61,2.0,0,181,67,102.8,0.268,West,5.0,G,84.26463414634146,1
959,Steve Nash,DAL,2002-03,82,2712.373333333333,1457,234,598,0.576,0.236,0.146,9.9,60.0,22.0,0.732,8.0,0,85,6,101.3,0.351,West,1.0,G,71.16670731707316,1
950,Stephon Marbury,PHX,2002-03,81,3248.3683333333333,1806,263,654,0.52,0.273,0.136,1.8,44.0,38.0,0.537,1.0,0,108,20,101.8,0.357,West,8.0,G,68.4637037037037,1
1883,Steve Francis,HOU,2002-03,81,3321.548333333333,1703,499,502,0.541,0.257,0.137,2.7,43.0,39.0,0.524,2.0,0,141,41,100.4,0.278,West,9.0,G,67.80858024691358,1
2225,Tony Parker,SAS,2002-03,82,2780.1466666666665,1269,216,432,0.542,0.225,0.115,8.5,60.0,22.0,0.732,5.0,0,71,4,96.8,0.268,West,1.0,G,62.1240243902439,1
1710,Mike Bibby,SAC,2002-03,55,1834.8016666666667,875,147,285,0.559,0.215,0.111,9.0,59.0,23.0,0.72,7.0,0,72,8,98.1,0.231,West,3.0,G,61.8390909090909,1
947,Allen Iverson,PHI,2001-02,60,2624.165,1883,269,331,0.489,0.365,0.149,5.5,43.0,39.0,0.524,2.0,0,168,13,96.6,0.266,East,4.0,G,77.03333333333333,1
711,Jerry Stackhouse,DET,2001-02,76,2685.998333333333,1629,315,403,0.518,0.314,0.131,1.9,50.0,32.0,0.61,2.0,0,77,37,100.3,0.288,East,1.0,G,66.23684210526315,1
208,Sam Cassell,MIL,2001-02,74,2606.616666666667,1461,312,493,0.545,0.266,0.14,2.4,41.0,41.0,0.5,0.0,0,90,12,104.4,0.324,East,7.0,G,64.39594594594594,1
951,Ray Allen,MIL,2001-02,69,2525.7366666666667,1503,312,271,0.598,0.258,0.137,1.2,41.0,41.0,0.5,0.0,0,88,18,104.8,0.193,East,7.0,G,62.1,1
1891,Jason Terry,ATL,2001-02,78,2967.53,1504,270,444,0.549,0.231,0.127,-3.3,33.0,49.0,0.402,-4.0,0,144,13,104.8,0.261,East,10.0,G,55.909358974358966,1
727,Eric Snow,PHI,2001-02,61,2225.258333333333,738,215,400,0.51,0.176,0.11,4.9,43.0,39.0,0.524,2.0,0,95,9,96.8,0.301,East,4.0,G,54.10893442622951,1
977,Kobe Bryant,LAL,2001-02,80,3065.1316666666667,2019,441,438,0.544,0.299,0.156,7.4,58.0,24.0,0.707,7.0,0,118,35,101.7,0.254,West,2.0,G,78.725,1
959,Steve Nash,DAL,2001-02,82,2837.9483333333333,1466,254,634,0.602,0.223,0.136,5.5,57.0,25.0,0.695,4.0,0,53,4,105.2,0.355,West,4.0,G,69.01768292682928,1
89,Nick Van Exel,DAL,2001-02,72,2497.7,1322,254,478,0.495,0.264,0.125,-2.8,57.0,25.0,0.695,4.0,0,44,11,107.0,0.339,West,4.0,G,65.20277777777777,1
304,John Stockton,UTA,2001-02,82,2569.665,1102,263,674,0.601,0.189,0.166,3.6,44.0,38.0,0.537,1.0,0,152,24,101.7,0.442,West,7.0,G,63.22707317073171,1
1883,Steve Francis,HOU,2001-02,57,2340.68,1234,401,362,0.517,0.278,0.127,-1.5,28.0,54.0,0.341,-5.0,0,71,25,105.7,0.281,West,10.0,G,62.172543859649124,1
950,Stephon Marbury,PHX,2001-02,82,3186.4733333333334,1674,266,666,0.519,0.262,0.123,-1.3,36.0,46.0,0.439,-1.0,0,77,13,103.1,0.355,West,9.0,G,61.635243902439015,1
947,Allen Iverson,PHI,2000-01,71,2975.858333333333,2207,273,325,0.518,0.349,0.155,6.1,56.0,26.0,0.683,4.0,1,178,20,96.5,0.226,East,1.0,G,80.07978873239438,1
711,Jerry Stackhouse,DET,2000-01,80,3211.048333333333,2380,315,410,0.521,0.343,0.145,-1.0,32.0,50.0,0.39,-2.0,0,97,54,100.4,0.258,East,9.0,G,68.1125,1
208,Sam Cassell,MIL,2000-01,76,2710.6666666666665,1381,290,580,0.542,0.242,0.134,3.7,52.0,30.0,0.634,4.0,0,88,8,103.3,0.346,East,2.0,G,67.54236842105264,1
147,Jalen Rose,IND,2000-01,72,2947.5466666666666,1478,359,435,0.53,0.254,0.133,-0.4,41.0,41.0,0.5,0.0,0,65,43,100.7,0.288,East,7.0,G,63.773611111111116,1
353,Darrell Armstrong,ORL,2000-01,75,2774.2316666666666,1189,343,524,0.535,0.203,0.136,4.1,43.0,39.0,0.524,1.0,0,135,13,100.7,0.299,East,6.0,G,62.166333333333334,1
896,Tim Hardaway,MIA,2000-01,77,2613.9266666666667,1150,204,483,0.513,0.239,0.123,4.2,50.0,32.0,0.61,2.0,0,90,6,96.8,0.344,East,3.0,G,59.17337662337662,1
977,Kobe Bryant,LAL,2000-01,68,2791.005,1938,399,338,0.552,0.309,0.16,6.5,56.0,26.0,0.683,3.0,0,114,43,101.9,0.22,West,2.0,G,81.11205882352941,1
467,Jason Kidd,PHX,2000-01,77,3067.173333333333,1299,494,753,0.51,0.222,0.162,2.2,51.0,31.0,0.622,2.0,0,166,23,96.3,0.419,West,6.0,G,74.64766233766234,1
1883,Steve Francis,HOU,2000-01,80,3193.963333333333,1591,553,517,0.563,0.238,0.139,3.3,45.0,37.0,0.549,2.0,0,141,31,102.5,0.278,West,9.0,G,69.07125,1
304,John Stockton,UTA,2000-01,82,2395.218333333333,944,227,713,0.61,0.178,0.161,12.8,53.0,29.0,0.646,5.0,0,132,21,98.1,0.452,West,4.0,G,66.55682926829269,1
959,Steve Nash,DAL,2000-01,70,2386.6266666666666,1092,223,509,0.603,0.205,0.133,7.0,53.0,29.0,0.646,4.0,0,72,5,100.9,0.335,West,4.0,G,64.75999999999999,1
210,Terrell Brandon,MIN,2000-01,78,2822.05,1250,298,583,0.507,0.217,0.137,2.5,47.0,35.0,0.573,1.0,0,161,21,101.9,0.326,West,8.0,G,63.33679487179487,1
